Label,# Samples,Average,Min,Max,Std. Dev.,Error %,Throughput,KB/sec,Avg. Bytes
HTTP Request,30000,3,1,136,4.93105392340781,0.0,215.21112211079068,486.9571971979512,2317.0
TOTAL,30000,3,1,136,4.93105392340781,0.0,215.21112211079068,486.9571971979512,2317.0
