Label,# Samples,Average,Min,Max,Std. Dev.,Error %,Throughput,KB/sec,Avg. Bytes
HTTP Request,30000,195,8,5203,156.65342220310907,0.0,71.0784255654881,4080.692930243633,58789.0
TOTAL,30000,195,8,5203,156.65342220310907,0.0,71.0784255654881,4080.692930243633,58789.0
