Label,# Samples,Average,Min,Max,Std. Dev.,Error %,Throughput,KB/sec,Avg. Bytes
HTTP Request,30000,115,5,21653,348.18233560276366,0.0,98.14313194362659,786.6785419856319,8208.0
TOTAL,30000,115,5,21653,348.18233560276366,0.0,98.14313194362659,786.6785419856319,8208.0
