Label,# Samples,Average,Min,Max,Std. Dev.,Error %,Throughput,KB/sec,Avg. Bytes
HTTP Request,30000,45,3,1811,74.30749604321372,0.0,152.66709413453026,916.4498316845287,6147.0
TOTAL,30000,45,3,1811,74.30749604321372,0.0,152.66709413453026,916.4498316845287,6147.0
