Label,# Samples,Average,Min,Max,Std. Dev.,Error %,Throughput,KB/sec,Avg. Bytes
HTTP Request,30000,129,1,1010,92.62639671451953,0.0,94.29692214846106,155.4425826041038,1688.0
TOTAL,30000,129,1,1010,92.62639671451953,0.0,94.29692214846106,155.4425826041038,1688.0
