Label,# Samples,Average,Min,Max,Std. Dev.,Error %,Throughput,KB/sec,Avg. Bytes
HTTP Request,24000,0,0,28,1.033129649784522,0.0,259.3501118447357,1556.8604858492095,6147.0
TOTAL,24000,0,0,28,1.033129649784522,0.0,259.3501118447357,1556.8604858492095,6147.0
