Label,# Samples,Average,Min,Max,Std. Dev.,Error %,Throughput,KB/sec,Avg. Bytes
HTTP Request,24000,10,3,84,10.042240846654805,0.0,217.33027863552806,1304.6183816138584,6147.0
TOTAL,24000,10,3,84,10.042240846654805,0.0,217.33027863552806,1304.6183816138584,6147.0
