Label,# Samples,Average,Min,Max,Std. Dev.,Error %,Throughput,KB/sec,Avg. Bytes
HTTP Request,3600,17,5,11327,257.8304256280714,0.0,60.33485846447785,4.0066116949067325,68.0
TOTAL,3600,17,5,11327,257.8304256280714,0.0,60.33485846447785,4.0066116949067325,68.0
