Label,# Samples,Average,Min,Max,Std. Dev.,Error %,Throughput,KB/sec,Avg. Bytes
HTTP Request,4500,93,5,29509,514.5588575840691,0.0,17.325084026657528,22.56998251129018,1334.0
TOTAL,4500,93,5,29509,514.5588575840691,0.0,17.325084026657528,22.56998251129018,1334.0
