Label,# Samples,Average,Min,Max,Std. Dev.,Error %,Throughput,KB/sec,Avg. Bytes
HTTP Request,30000,170,7,1059,56.17959516582118,0.0,85.52661588286274,616.8106038036537,7385.0
TOTAL,30000,170,7,1059,56.17959516582118,0.0,85.52661588286274,616.8106038036537,7385.0
