Label,# Samples,Average,Min,Max,Std. Dev.,Error %,Throughput,KB/sec,Avg. Bytes
HTTP Request,24000,0,0,42,0.9967447015158897,0.0,360.5660887593522,2236.2844040143027,6351.0
TOTAL,24000,0,0,42,0.9967447015158897,0.0,360.5660887593522,2236.2844040143027,6351.0
