Label,# Samples,Average,Min,Max,Std. Dev.,Error %,Throughput,KB/sec,Avg. Bytes
HTTP Request,27000,458,32,1048,66.83447916852775,0.0,30.175453497949746,2.003838708848225,68.0
TOTAL,27000,458,32,1048,66.83447916852775,0.0,30.175453497949746,2.003838708848225,68.0
