Label,# Samples,Average,Min,Max,Std. Dev.,Error %,Throughput,KB/sec,Avg. Bytes
HTTP Request,40000,6,1,284,8.691442770010916,0.0,402.7588984544127,663.922871670946,1688.0
TOTAL,40000,6,1,284,8.691442770010916,0.0,402.7588984544127,663.922871670946,1688.0
