Label,# Samples,Average,Min,Max,Std. Dev.,Error %,Throughput,KB/sec,Avg. Bytes
HTTP Request,30000,24,4,1123,84.58694787637157,6.666666666666666E-4,152.89428888866237,1121.1572966888193,7508.881333333334
TOTAL,30000,24,4,1123,84.58694787637157,6.666666666666666E-4,152.89428888866237,1121.1572966888193,7508.881333333334
