Label,# Samples,Average,Min,Max,Std. Dev.,Error %,Throughput,KB/sec,Avg. Bytes
HTTP Request,6000,77,2,267723,4136.618410104227,0.0,13.022783359487423,104.38574786589137,8208.0
TOTAL,6000,77,2,267723,4136.618410104227,0.0,13.022783359487423,104.38574786589137,8208.0
